PRAGMA foreign_keys=OFF;
BEGIN TRANSACTION;
CREATE TABLE IF NOT EXISTS "migrations" ("id" integer primary key autoincrement not null, "migration" varchar not null, "batch" integer not null);
INSERT INTO migrations VALUES(1,'2026_05_03_123633_create_users_table',1);
INSERT INTO migrations VALUES(2,'2026_05_03_124534_create_halls_table',1);
INSERT INTO migrations VALUES(3,'2026_05_03_124534_create_movies_table',1);
INSERT INTO migrations VALUES(4,'2026_05_03_124535_create_bookings_table',1);
INSERT INTO migrations VALUES(5,'2026_05_03_124535_create_movie_sessions_table',1);
INSERT INTO migrations VALUES(6,'2026_05_03_124537_add_is_admin_to_users_table',1);
INSERT INTO migrations VALUES(7,'2026_05_03_125115_create_sessions_table',1);
INSERT INTO migrations VALUES(8,'2026_05_03_132243_create_cache_table',1);
CREATE TABLE IF NOT EXISTS "users" ("id" integer primary key autoincrement not null, "name" varchar not null, "email" varchar not null, "email_verified_at" datetime, "password" varchar not null, "remember_token" varchar, "created_at" datetime, "updated_at" datetime, "is_admin" tinyint(1) not null default '0');
INSERT INTO users VALUES(1,'kua','kua@mail.ru',NULL,'$2y$12$kxYLJOW2eGSc8eWRL3GZX.r/Kwk7A7yAooT2B282bw0z7A9NLfJQC',NULL,'2026-05-03 13:53:13','2026-05-03 13:53:13',1);
INSERT INTO users VALUES(2,'baba','baba@mail.ru',NULL,'$2y$12$yPHt23vqWw/QqqMUXuCWqeHDMnKqvjns7GKJgwXzlLsjFusboJbNy',NULL,'2026-05-03 17:29:20','2026-05-03 17:29:20',0);
INSERT INTO users VALUES(3,'Ульяна','tu@mail.ru',NULL,'$2y$12$bzosguYoUc0G/emY/TLCZ.8mlWrCQbfoJXK22DHjMxGkWgiDIvVbe',NULL,'2026-05-06 10:29:50','2026-05-06 10:29:50',0);
CREATE TABLE IF NOT EXISTS "halls" ("id" integer primary key autoincrement not null, "name" varchar not null, "rows" integer not null default '8', "seats_per_row" integer not null default '10', "created_at" datetime, "updated_at" datetime);
INSERT INTO halls VALUES(1,'Зал 1 (Красный)',8,10,'2026-05-03 13:51:04','2026-05-03 13:51:04');
INSERT INTO halls VALUES(2,'Зал 2 (Синий)',10,12,'2026-05-03 13:51:04','2026-05-03 13:51:04');
INSERT INTO halls VALUES(3,'Зал 3 (Золотой)',6,8,'2026-05-03 13:51:04','2026-05-03 13:51:04');
INSERT INTO halls VALUES(4,'VIP Зал',4,6,'2026-05-03 13:51:04','2026-05-03 13:51:04');
INSERT INTO halls VALUES(5,'Зал 4',10,8,'2026-05-03 20:27:52','2026-05-03 20:27:52');
INSERT INTO halls VALUES(6,'Зал 5 (Зелёный)',12,14,'2026-05-14 17:39:19','2026-05-14 17:39:19');
INSERT INTO halls VALUES(7,'Зал 6 (Оранжевый)',10,12,'2026-05-14 17:39:19','2026-05-14 17:39:19');
INSERT INTO halls VALUES(8,'Зал 7 (Бирюзовый)',14,16,'2026-05-14 17:39:19','2026-05-14 17:39:19');
INSERT INTO halls VALUES(9,'Зал 8 (Люкс)',6,8,'2026-05-14 17:39:19','2026-05-14 17:39:19');
INSERT INTO halls VALUES(10,'Зал 9 (Панорама)',8,10,'2026-05-14 17:39:19','2026-05-14 17:39:19');
INSERT INTO halls VALUES(11,'Зал 10 (Детский)',5,7,'2026-05-14 17:39:19','2026-05-14 17:39:19');
INSERT INTO halls VALUES(12,'Зал 11 (IMAX)',16,20,'2026-05-14 17:39:19','2026-05-14 17:39:19');
INSERT INTO halls VALUES(13,'Зал 12 (Малый)',4,5,'2026-05-14 17:39:19','2026-05-14 17:39:19');
INSERT INTO halls VALUES(14,'Зал 13 (Стандарт)',9,11,'2026-05-14 17:39:19','2026-05-14 17:39:19');
INSERT INTO halls VALUES(15,'Зал 14 (Семейный)',7,9,'2026-05-14 17:39:19','2026-05-14 17:39:19');
INSERT INTO halls VALUES(16,'Зал 15 (Бокс)',10,10,'2026-05-14 17:39:19','2026-05-14 17:39:19');
INSERT INTO halls VALUES(17,'Зал 16 (Акустика)',8,12,'2026-05-14 17:39:19','2026-05-14 17:39:19');
INSERT INTO halls VALUES(18,'Зал 17 (Премиум)',10,15,'2026-05-14 17:39:19','2026-05-14 17:39:19');
INSERT INTO halls VALUES(19,'Зал 18 (3D)',12,12,'2026-05-14 17:39:19','2026-05-14 17:39:19');
INSERT INTO halls VALUES(20,'Зал 19 (Арт)',6,6,'2026-05-14 17:39:19','2026-05-14 17:39:19');
CREATE TABLE IF NOT EXISTS "movies" ("id" integer primary key autoincrement not null, "title" varchar not null, "description" text not null, "poster" varchar, "duration" integer not null, "trailer_url" varchar, "release_date" date not null, "age_rating" varchar not null default '12+', "created_at" datetime, "updated_at" datetime);
INSERT INTO movies VALUES(1,'Дюна: Часть вторая','Продолжение эпической саги. Пол Атрейдес объединяется с Чани и фременами, чтобы отомстить заговорщикам, уничтожившим его семью.',NULL,166,NULL,'2022-11-11 00:00:00','12+','2026-05-03 13:51:04','2026-05-06 10:40:14');
INSERT INTO movies VALUES(2,'Мастер и Маргарита','Мистическая история о сатане, посетившем Москву 1930-х годов, и о любви Мастера и Маргариты.',NULL,157,NULL,'2024-01-25 00:00:00','18+','2026-05-03 13:51:04','2026-05-03 13:51:04');
INSERT INTO movies VALUES(3,'Головоломка 2','Новые эмоции внутри головы Райли. Радость, Печаль, Гнев, Страх и Брезгливость встречают Тревогу, Зависть, Скуку и Стыд.',NULL,96,NULL,'2024-06-12 00:00:00','6+','2026-05-03 13:51:04','2026-05-03 13:51:04');
INSERT INTO movies VALUES(4,'Барби','Стереотипная Барби и её парень Кен живут в идеальном розовом мире. Но однажды у Барби случается кризис экзистенции, и она отправляется в реальный мир.',NULL,114,NULL,'2023-07-19 00:00:00','16+','2026-05-03 13:51:04','2026-05-03 13:51:04');
INSERT INTO movies VALUES(5,'Оппенгеймер','История американского физика Роберта Оппенгеймера, который руководил Манхэттенским проектом по созданию атомной бомбы.',NULL,180,NULL,'2023-07-20 00:00:00','18+','2026-05-03 13:51:04','2026-05-03 13:51:04');
INSERT INTO movies VALUES(6,'Фуриоса: Хроники Безумного Макса','Юная Фуриоса похищена ордой байкеров и попадает в Цитадель к Бессмертному Джо. Она мечтает вернуться домой и готова на всё ради своей цели.',NULL,148,NULL,'2024-05-23 00:00:00','18+','2026-05-03 13:51:04','2026-05-03 13:51:04');
INSERT INTO movies VALUES(7,'Дэдпул и Росомаха','Бессмертный ротозей и угрюмый мутант объединяются, чтобы спасти мир.',NULL,127,NULL,'2024-07-25','18+','2026-05-14 17:39:19','2026-05-14 17:39:19');
INSERT INTO movies VALUES(8,'Веном 3','Эдди Брок и его паразит снова в деле. На этот раз против армии симбиотов.',NULL,110,NULL,'2024-10-10','16+','2026-05-14 17:39:19','2026-05-14 17:39:19');
INSERT INTO movies VALUES(9,'Гладиатор 2','Продолжение легендарного эпика. Новый герой, новые битвы, тот же Рим.',NULL,155,NULL,'2024-11-22','16+','2026-05-14 17:39:19','2026-05-14 17:39:19');
INSERT INTO movies VALUES(10,'Муфаса: Король Лев','История становления легендарного короля Саванны.',NULL,118,NULL,'2024-12-19','6+','2026-05-14 17:39:19','2026-05-14 17:39:19');
INSERT INTO movies VALUES(11,'Кунг-фу Панда 4','По возвращается с новым врагом — ящерицей-колдуньей.',NULL,94,NULL,'2024-05-23','6+','2026-05-14 17:39:19','2026-05-14 17:39:19');
INSERT INTO movies VALUES(12,'Тихое место: День первый','Приквел о том, как тишина стала единственным спасением.',NULL,100,NULL,'2024-06-27','18+','2026-05-14 17:39:19','2026-05-14 17:39:19');
INSERT INTO movies VALUES(13,'Фуриоса: Хроники Безумного Макса','Юная Фуриоса похищена ордой байкеров.',NULL,148,NULL,'2024-05-23','18+','2026-05-14 17:39:19','2026-05-14 17:39:19');
INSERT INTO movies VALUES(14,'Головоломка 2','Новые эмоции в голове Райли: Тревога, Зависть, Скука.',NULL,96,NULL,'2024-06-12','6+','2026-05-14 17:39:19','2026-05-14 17:39:19');
INSERT INTO movies VALUES(15,'Дюна: Часть вторая','Пол Атрейдес объединяется с фременами.',NULL,166,NULL,'2024-02-28','12+','2026-05-14 17:39:19','2026-05-14 17:39:19');
INSERT INTO movies VALUES(16,'Охотники на привидений','Новая команда охотников за привидениями.',NULL,115,NULL,'2024-03-22','12+','2026-05-14 17:39:19','2026-05-14 17:39:19');
INSERT INTO movies VALUES(17,'Бордерлендс','Адаптация культовой игры. Безумие на планете Пандора.',NULL,102,NULL,'2024-08-09','18+','2026-05-14 17:39:19','2026-05-14 17:39:19');
INSERT INTO movies VALUES(18,'Майор Гром: Игра','Продолжение приключений майора Грома.',NULL,130,NULL,'2024-09-26','16+','2026-05-14 17:39:19','2026-05-14 17:39:19');
INSERT INTO movies VALUES(19,'Сто лет тому вперёд','Российская экранизация фантастической повести.',NULL,120,NULL,'2024-04-18','12+','2026-05-14 17:39:19','2026-05-14 17:39:19');
INSERT INTO movies VALUES(20,'Лётчик','Военная драма о подвиге советского лётчика.',NULL,105,NULL,'2021-12-02','12+','2026-05-14 17:39:19','2026-05-14 17:39:19');
CREATE TABLE IF NOT EXISTS "bookings" ("id" integer primary key autoincrement not null, "user_id" integer not null, "movie_session_id" integer not null, "selected_seats" text not null, "total_price" numeric not null, "status" varchar check ("status" in ('pending', 'paid', 'cancelled')) not null default 'pending', "qr_code" varchar, "paid_at" datetime, "created_at" datetime, "updated_at" datetime, foreign key("user_id") references "users"("id") on delete cascade, foreign key("movie_session_id") references "movie_sessions"("id") on delete cascade);
INSERT INTO bookings VALUES(2,1,9,'"[\"1-1\"]"',1000,'paid',NULL,'2026-05-03 16:53:12','2026-05-03 16:53:12','2026-05-03 16:53:12');
INSERT INTO bookings VALUES(3,1,3,'"[\"6-7\"]"',1000,'paid',NULL,'2026-05-03 17:26:19','2026-05-03 17:26:19','2026-05-03 17:26:19');
INSERT INTO bookings VALUES(5,2,3,'"[\"7-5\",\"7-4\",\"7-3\"]"',1000,'paid',NULL,'2026-05-03 17:31:21','2026-05-03 17:31:21','2026-05-03 17:31:21');
INSERT INTO bookings VALUES(9,1,3,'["8-7","9-7"]',1000,'paid',NULL,'2026-05-03 20:00:18','2026-05-03 20:00:18','2026-05-03 20:00:18');
INSERT INTO bookings VALUES(10,1,21,'["8-12","8-11","8-10","8-9","8-8","8-7","8-6","8-5","8-4","8-3","8-2","8-1"]',6684,'paid',NULL,'2026-05-06 10:26:07','2026-05-06 10:26:07','2026-05-06 10:26:07');
INSERT INTO bookings VALUES(12,3,21,'["7-12"]',557,'paid',NULL,'2026-05-06 10:30:03','2026-05-06 10:30:03','2026-05-06 10:30:03');
INSERT INTO bookings VALUES(13,1,15,'["3-7","4-8"]',628,'paid',NULL,'2026-05-06 10:39:30','2026-05-06 10:39:30','2026-05-06 10:39:30');
INSERT INTO bookings VALUES(14,1,1,'["5-5","5-6"]',700,'paid',NULL,'2026-05-14 17:42:58','2026-05-14 17:42:58','2026-05-14 17:42:58');
INSERT INTO bookings VALUES(15,1,2,'["2-3","2-4","2-5"]',1200,'paid',NULL,'2026-05-14 17:42:58','2026-05-14 17:42:58','2026-05-14 17:42:58');
INSERT INTO bookings VALUES(16,1,3,'["7-1","7-2"]',800,'pending',NULL,NULL,'2026-05-14 17:42:58','2026-05-14 17:42:58');
INSERT INTO bookings VALUES(17,1,4,'["1-1"]',450,'paid',NULL,'2026-05-14 17:42:58','2026-05-14 17:42:58','2026-05-14 17:42:58');
INSERT INTO bookings VALUES(18,1,5,'["3-3","3-4","3-5","3-6"]',1280,'paid',NULL,'2026-05-14 17:42:58','2026-05-14 17:42:58','2026-05-14 17:42:58');
INSERT INTO bookings VALUES(19,1,6,'["4-4","4-5"]',760,'paid',NULL,'2026-05-14 17:42:58','2026-05-14 17:42:58','2026-05-14 17:42:58');
INSERT INTO bookings VALUES(20,1,7,'["8-8","8-9","8-10"]',1650,'pending',NULL,NULL,'2026-05-14 17:42:58','2026-05-14 17:42:58');
INSERT INTO bookings VALUES(21,1,8,'["1-2","1-3"]',940,'paid',NULL,'2026-05-14 17:42:58','2026-05-14 17:42:58','2026-05-14 17:42:58');
INSERT INTO bookings VALUES(22,1,9,'["2-2","2-3"]',820,'paid',NULL,'2026-05-14 17:42:58','2026-05-14 17:42:58','2026-05-14 17:42:58');
INSERT INTO bookings VALUES(23,1,10,'["6-6","6-7","6-8"]',1530,'paid',NULL,'2026-05-14 17:42:58','2026-05-14 17:42:58','2026-05-14 17:42:58');
INSERT INTO bookings VALUES(24,1,11,'["5-1","5-2"]',620,'pending',NULL,NULL,'2026-05-14 17:42:58','2026-05-14 17:42:58');
INSERT INTO bookings VALUES(25,1,12,'["3-7","3-8","3-9","3-10"]',1440,'paid',NULL,'2026-05-14 17:42:58','2026-05-14 17:42:58','2026-05-14 17:42:58');
INSERT INTO bookings VALUES(26,1,13,'["9-9","9-10"]',1000,'paid',NULL,'2026-05-14 17:42:58','2026-05-14 17:42:58','2026-05-14 17:42:58');
INSERT INTO bookings VALUES(27,1,14,'["4-1","4-2","4-3"]',1350,'paid',NULL,'2026-05-14 17:42:58','2026-05-14 17:42:58','2026-05-14 17:42:58');
INSERT INTO bookings VALUES(28,1,15,'["7-7","7-8"]',740,'pending',NULL,NULL,'2026-05-14 17:42:58','2026-05-14 17:42:58');
CREATE TABLE IF NOT EXISTS "movie_sessions" ("id" integer primary key autoincrement not null, "movie_id" integer not null, "hall_id" integer not null, "start_time" datetime not null, "end_time" datetime not null, "price" numeric not null, "is_active" tinyint(1) not null default '1', "created_at" datetime, "updated_at" datetime, foreign key("movie_id") references "movies"("id") on delete cascade, foreign key("hall_id") references "halls"("id") on delete cascade);
INSERT INTO movie_sessions VALUES(1,1,1,'2026-05-03 13:00:00','2026-05-03 16:01:00',284,0,'2026-05-03 13:51:04','2026-05-03 13:51:04');
INSERT INTO movie_sessions VALUES(2,2,3,'2026-05-03 16:00:00','2026-05-03 18:52:00',334,0,'2026-05-03 13:51:04','2026-05-03 13:51:04');
INSERT INTO movie_sessions VALUES(3,3,2,'2026-05-03 19:00:00','2026-05-03 20:51:00',400,0,'2026-05-03 13:51:04','2026-05-03 13:51:04');
INSERT INTO movie_sessions VALUES(4,5,3,'2026-05-03 19:00:00','2026-05-03 22:15:00',274,0,'2026-05-03 13:51:04','2026-05-03 13:51:04');
INSERT INTO movie_sessions VALUES(5,1,1,'2026-05-04 10:00:00','2026-05-04 13:01:00',696,0,'2026-05-03 13:51:04','2026-05-03 13:51:04');
INSERT INTO movie_sessions VALUES(6,3,2,'2026-05-04 10:00:00','2026-05-04 11:51:00',781,0,'2026-05-03 13:51:04','2026-05-03 13:51:04');
INSERT INTO movie_sessions VALUES(7,4,1,'2026-05-04 10:00:00','2026-05-04 12:09:00',447,0,'2026-05-03 13:51:04','2026-05-03 13:51:04');
INSERT INTO movie_sessions VALUES(8,5,1,'2026-05-04 13:00:00','2026-05-04 16:15:00',324,0,'2026-05-03 13:51:04','2026-05-03 13:51:04');
INSERT INTO movie_sessions VALUES(9,6,4,'2026-05-04 22:00:00','2026-05-05 00:43:00',369,0,'2026-05-03 13:51:04','2026-05-03 13:51:04');
INSERT INTO movie_sessions VALUES(10,1,3,'2026-05-05 16:00:00','2026-05-05 19:01:00',412,0,'2026-05-03 13:51:04','2026-05-03 13:51:04');
INSERT INTO movie_sessions VALUES(11,2,3,'2026-05-05 19:00:00','2026-05-05 21:52:00',686,0,'2026-05-03 13:51:04','2026-05-03 13:51:04');
INSERT INTO movie_sessions VALUES(12,3,3,'2026-05-05 16:00:00','2026-05-05 17:51:00',772,0,'2026-05-03 13:51:04','2026-05-03 13:51:04');
INSERT INTO movie_sessions VALUES(13,5,4,'2026-05-05 22:00:00','2026-05-06 01:15:00',510,0,'2026-05-03 13:51:04','2026-05-03 13:51:04');
INSERT INTO movie_sessions VALUES(14,6,1,'2026-05-05 16:00:00','2026-05-05 18:43:00',707,0,'2026-05-03 13:51:04','2026-05-03 13:51:04');
INSERT INTO movie_sessions VALUES(15,1,3,'2026-05-06 10:00:00','2026-05-06 13:01:00',311,0,'2026-05-03 13:51:04','2026-05-03 13:51:04');
INSERT INTO movie_sessions VALUES(16,2,3,'2026-05-06 19:00:00','2026-05-06 21:52:00',618,0,'2026-05-03 13:51:04','2026-05-03 13:51:04');
INSERT INTO movie_sessions VALUES(17,4,1,'2026-05-06 22:00:00','2026-05-07 00:09:00',671,0,'2026-05-03 13:51:04','2026-05-03 13:51:04');
INSERT INTO movie_sessions VALUES(18,5,2,'2026-05-06 13:00:00','2026-05-06 16:15:00',320,0,'2026-05-03 13:51:04','2026-05-03 13:51:04');
INSERT INTO movie_sessions VALUES(19,6,2,'2026-05-06 13:00:00','2026-05-06 15:43:00',583,0,'2026-05-03 13:51:04','2026-05-03 13:51:04');
INSERT INTO movie_sessions VALUES(20,1,1,'2026-05-07 13:00:00','2026-05-07 16:01:00',280,0,'2026-05-03 13:51:04','2026-05-03 13:51:04');
INSERT INTO movie_sessions VALUES(21,3,2,'2026-05-07 22:00:00','2026-05-07 23:51:00',557,0,'2026-05-03 13:51:04','2026-05-03 13:51:04');
INSERT INTO movie_sessions VALUES(22,4,1,'2026-05-07 10:00:00','2026-05-07 12:09:00',313,0,'2026-05-03 13:51:04','2026-05-03 13:51:04');
INSERT INTO movie_sessions VALUES(23,5,1,'2026-05-07 22:00:00','2026-05-08 01:15:00',396,0,'2026-05-03 13:51:04','2026-05-03 13:51:04');
INSERT INTO movie_sessions VALUES(24,6,2,'2026-05-07 22:00:00','2026-05-08 00:43:00',284,0,'2026-05-03 13:51:04','2026-05-03 13:51:04');
INSERT INTO movie_sessions VALUES(25,1,4,'2026-05-08 13:00:00','2026-05-08 16:01:00',563,0,'2026-05-03 13:51:04','2026-05-03 13:51:04');
INSERT INTO movie_sessions VALUES(26,2,1,'2026-05-08 13:00:00','2026-05-08 15:52:00',509,0,'2026-05-03 13:51:04','2026-05-03 13:51:04');
INSERT INTO movie_sessions VALUES(27,3,1,'2026-05-08 19:00:00','2026-05-08 20:51:00',601,0,'2026-05-03 13:51:05','2026-05-03 13:51:05');
INSERT INTO movie_sessions VALUES(28,5,3,'2026-05-08 10:00:00','2026-05-08 13:15:00',628,0,'2026-05-03 13:51:05','2026-05-03 13:51:05');
INSERT INTO movie_sessions VALUES(29,6,2,'2026-05-08 19:00:00','2026-05-08 21:43:00',354,0,'2026-05-03 13:51:05','2026-05-03 13:51:05');
INSERT INTO movie_sessions VALUES(30,1,3,'2026-05-09 16:00:00','2026-05-09 19:01:00',744,0,'2026-05-03 13:51:05','2026-05-03 13:51:05');
INSERT INTO movie_sessions VALUES(31,3,1,'2026-05-09 10:00:00','2026-05-09 11:51:00',433,0,'2026-05-03 13:51:05','2026-05-03 13:51:05');
INSERT INTO movie_sessions VALUES(32,4,1,'2026-05-09 10:00:00','2026-05-09 12:09:00',320,0,'2026-05-03 13:51:05','2026-05-03 13:51:05');
INSERT INTO movie_sessions VALUES(33,6,4,'2026-05-09 13:00:00','2026-05-09 15:43:00',500,0,'2026-05-03 13:51:05','2026-05-03 13:51:05');
INSERT INTO movie_sessions VALUES(34,1,1,'2026-05-04 18:19:47','2026-05-04 20:19:47',500,0,'2026-05-03 15:19:47','2026-05-03 15:19:47');
INSERT INTO movie_sessions VALUES(35,1,1,'2026-05-04 18:21:47','2026-05-04 20:21:47',500,0,'2026-05-03 15:21:47','2026-05-03 15:21:47');
INSERT INTO movie_sessions VALUES(37,7,1,'2026-05-15 10:00:00','2026-05-15 12:07:00',350,1,'2026-05-14 17:42:31','2026-05-14 17:42:31');
INSERT INTO movie_sessions VALUES(38,8,2,'2026-05-15 13:00:00','2026-05-15 14:50:00',400,1,'2026-05-14 17:42:31','2026-05-14 17:42:31');
INSERT INTO movie_sessions VALUES(39,9,3,'2026-05-15 16:00:00','2026-05-15 18:35:00',500,1,'2026-05-14 17:42:31','2026-05-14 17:42:31');
INSERT INTO movie_sessions VALUES(40,10,4,'2026-05-15 19:00:00','2026-05-15 20:58:00',450,1,'2026-05-14 17:42:31','2026-05-14 17:42:31');
INSERT INTO movie_sessions VALUES(41,11,5,'2026-05-16 11:00:00','2026-05-16 12:54:00',320,1,'2026-05-14 17:42:31','2026-05-14 17:42:31');
INSERT INTO movie_sessions VALUES(42,12,6,'2026-05-16 14:00:00','2026-05-16 16:08:00',380,1,'2026-05-14 17:42:31','2026-05-14 17:42:31');
INSERT INTO movie_sessions VALUES(43,13,7,'2026-05-16 17:00:00','2026-05-16 19:28:00',550,1,'2026-05-14 17:42:31','2026-05-14 17:42:31');
INSERT INTO movie_sessions VALUES(44,7,5,'2026-05-17 10:00:00','2026-05-17 12:20:00',290,1,'2026-05-14 17:42:31','2026-05-14 17:42:31');
INSERT INTO movie_sessions VALUES(45,8,6,'2026-05-17 13:00:00','2026-05-17 15:10:00',410,1,'2026-05-14 17:42:31','2026-05-14 17:42:31');
INSERT INTO movie_sessions VALUES(46,9,7,'2026-05-17 16:00:00','2026-05-17 18:45:00',620,1,'2026-05-14 17:42:31','2026-05-14 17:42:31');
INSERT INTO movie_sessions VALUES(47,10,1,'2026-05-18 10:00:00','2026-05-18 12:15:00',330,1,'2026-05-14 17:42:31','2026-05-14 17:42:31');
INSERT INTO movie_sessions VALUES(48,11,2,'2026-05-18 13:00:00','2026-05-18 15:30:00',470,1,'2026-05-14 17:42:31','2026-05-14 17:42:31');
INSERT INTO movie_sessions VALUES(49,12,3,'2026-05-18 16:00:00','2026-05-18 18:40:00',510,1,'2026-05-14 17:42:31','2026-05-14 17:42:31');
INSERT INTO movie_sessions VALUES(50,13,4,'2026-05-18 19:00:00','2026-05-18 22:28:00',820,1,'2026-05-14 17:42:31','2026-05-14 17:42:31');
INSERT INTO movie_sessions VALUES(51,8,8,'2026-05-19 10:00:00','2026-05-19 12:05:00',290,1,'2026-05-14 17:42:31','2026-05-14 17:42:31');
INSERT INTO movie_sessions VALUES(52,9,9,'2026-05-19 13:00:00','2026-05-19 15:10:00',430,1,'2026-05-14 17:42:31','2026-05-14 17:42:31');
INSERT INTO movie_sessions VALUES(53,10,10,'2026-05-19 16:00:00','2026-05-19 18:15:00',380,1,'2026-05-14 17:42:31','2026-05-14 17:42:31');
INSERT INTO movie_sessions VALUES(54,7,11,'2026-05-20 10:00:00','2026-05-20 12:20:00',470,1,'2026-05-14 17:42:31','2026-05-14 17:42:31');
INSERT INTO movie_sessions VALUES(55,8,12,'2026-05-20 13:00:00','2026-05-20 15:30:00',530,1,'2026-05-14 17:42:31','2026-05-14 17:42:31');
CREATE TABLE IF NOT EXISTS "sessions" ("id" varchar not null, "user_id" integer, "ip_address" varchar, "user_agent" text, "payload" text not null, "last_activity" integer not null, primary key ("id"));
INSERT INTO sessions VALUES('4wgeuSQJ3ZvtUZVPPC6HdgPtbhMfhPWnaGZIKXk1',NULL,'127.0.0.1','Mozilla/5.0 (Windows NT 10.0; Win64; x64) AppleWebKit/537.36 (KHTML, like Gecko) Chrome/147.0.0.0 Safari/537.36','eyJfdG9rZW4iOiJZUmtZeHR0S2JVa2dza3dsMndzMVFaMUhSR2paOElhemc2NEJkOWFyIiwiX3ByZXZpb3VzIjp7InVybCI6Imh0dHA6XC9cL2NpbmVtYS50ZXN0Iiwicm91dGUiOiJob21lIn0sIl9mbGFzaCI6eyJvbGQiOltdLCJuZXciOltdfX0=',1778061861);
INSERT INTO sessions VALUES('pX3jdoWrpeSXZrxKoXKFMEqWSG9aajQBQTiV8TLX',1,'127.0.0.1','Mozilla/5.0 (Windows NT 10.0; Win64; x64) AppleWebKit/537.36 (KHTML, like Gecko) Chrome/147.0.0.0 Safari/537.36','eyJfdG9rZW4iOiJRbDRRR01rbHl1cEx5QWJabXd3SloyeTR5NkhuV0FUUUtGQVNUeGNsIiwiX2ZsYXNoIjp7Im9sZCI6W10sIm5ldyI6W119LCJfcHJldmlvdXMiOnsidXJsIjoiaHR0cDpcL1wvY2luZW1hLnRlc3RcL2xvZ2luIiwicm91dGUiOiJsb2dpbiJ9LCJsb2dpbl93ZWJfNTliYTM2YWRkYzJiMmY5NDAxNTgwZjAxNGM3ZjU4ZWE0ZTMwOTg5ZCI6MX0=',1778062591);
INSERT INTO sessions VALUES('KubGrrBzf6ggvwTYGleKWHJ5afTFDiLhwKLY001I',NULL,'127.0.0.1','Mozilla/5.0 (Windows NT 10.0; Win64; x64) AppleWebKit/537.36 (KHTML, like Gecko) Chrome/147.0.0.0 Safari/537.36','eyJfdG9rZW4iOiJnSHAxRW1MdXNUbXNkeWE2ak5UM1J6aTBHRlZ0bUdBVE5JbFRzNTc0IiwiX2ZsYXNoIjp7Im9sZCI6W10sIm5ldyI6W119LCJfcHJldmlvdXMiOnsidXJsIjoiaHR0cDpcL1wvY2luZW1hLnRlc3QiLCJyb3V0ZSI6ImhvbWUifX0=',1778064047);
INSERT INTO sessions VALUES('ND9rGXqvGszA2WKSwBV1gSN0YJkcNsmnqHmZ32RN',NULL,'127.0.0.1','Mozilla/5.0 (Windows NT 10.0; Win64; x64) AppleWebKit/537.36 (KHTML, like Gecko) Chrome/146.0.0.0 YaBrowser/26.4.0.0 Safari/537.36','eyJfdG9rZW4iOiJ5akd4TTUxemZRRnRVb2JXTkFOazhBMUc0NFJMZGpISlFLUG13UjlTIiwiX3ByZXZpb3VzIjp7InVybCI6Imh0dHA6XC9cL2NpbmVtYS50ZXN0Iiwicm91dGUiOiJob21lIn0sIl9mbGFzaCI6eyJvbGQiOltdLCJuZXciOltdfX0=',1778080035);
INSERT INTO sessions VALUES('psrUl1uTguvy24bS9aNZFFFkxZivLioE0NLe5OBZ',1,'127.0.0.1','Mozilla/5.0 (Windows NT 10.0; Win64; x64) AppleWebKit/537.36 (KHTML, like Gecko) Chrome/146.0.0.0 YaBrowser/26.4.0.0 Safari/537.36','eyJfdG9rZW4iOiJDMk5venZqaU1TcDhNVHBrc3psY212ZFdwZEsxREJWbkZHWU10amhmIiwiX3ByZXZpb3VzIjp7InVybCI6Imh0dHA6XC9cL2NpbmVtYS50ZXN0XC9ib29raW5nXC90aWNrZXRcLzEzIiwicm91dGUiOiJib29raW5nLnRpY2tldCJ9LCJfZmxhc2giOnsib2xkIjpbXSwibmV3IjpbXX0sImxvZ2luX3dlYl81OWJhMzZhZGRjMmIyZjk0MDE1ODBmMDE0YzdmNThlYTRlMzA5ODlkIjoxfQ==',1778080114);
CREATE TABLE IF NOT EXISTS "cache" ("key" varchar not null, "value" text not null, "expiration" integer not null, primary key ("key"));
INSERT INTO cache VALUES('laravel-cache-baba@mail.ru|127.0.0.1:timer','i:1778063116;',1778063116);
INSERT INTO cache VALUES('laravel-cache-baba@mail.ru|127.0.0.1','i:3;',1778063116);
CREATE TABLE IF NOT EXISTS "cache_locks" ("key" varchar not null, "owner" varchar not null, "expiration" integer not null, primary key ("key"));
PRAGMA writable_schema=ON;
CREATE TABLE IF NOT EXISTS sqlite_sequence(name,seq);
DELETE FROM sqlite_sequence;
INSERT INTO sqlite_sequence VALUES('migrations',8);
INSERT INTO sqlite_sequence VALUES('halls',20);
INSERT INTO sqlite_sequence VALUES('movies',20);
INSERT INTO sqlite_sequence VALUES('movie_sessions',55);
INSERT INTO sqlite_sequence VALUES('users',3);
INSERT INTO sqlite_sequence VALUES('bookings',28);
CREATE TRIGGER trg_deactivate_expired_session
AFTER UPDATE ON movie_sessions
BEGIN
    UPDATE movie_sessions
    SET is_active = 0
    WHERE datetime(end_time) < datetime('now') AND is_active = 1;
END;
CREATE UNIQUE INDEX "users_email_unique" on "users" ("email");
CREATE INDEX "sessions_user_id_index" on "sessions" ("user_id");
CREATE INDEX "sessions_last_activity_index" on "sessions" ("last_activity");
CREATE INDEX "cache_expiration_index" on "cache" ("expiration");
CREATE INDEX "cache_locks_expiration_index" on "cache_locks" ("expiration");
PRAGMA writable_schema=OFF;
COMMIT;
